[
 {
  "code": "AD",
  "name": "Andorra",
  "latitude": 42.546245,
  "longitude": 1.601554
 },
 {
  "code": "AE",
  "name": "United Arab Emirates",
  "latitude": 23.424076,
  "longitude": 53.847818
 },
 {
  "code": "AF",
  "name": "Afghanistan",
  "latitude": 33.93911,
  "longitude": 67.709953
 },
 {
  "code": "AG",
  "name": "Antigua and Barbuda",
  "latitude": 17.060816,
  "longitude": -61.796428
 },
 {
  "code": "AI",
  "name": "Anguilla",
  "latitude": 18.220554,
  "longitude": -63.068615
 },
 {
  "code": "AL",
  "name": "Albania",
  "latitude": 41.153332,
  "longitude": 20.168331
 },
 {
  "code": "AM",
  "name": "Armenia",
  "latitude": 40.069099,
  "longitude": 45.038189
 },
 {
  "code": "AO",
  "name": "Angola",
  "latitude": -11.202692,
  "longitude": 17.873887
 },
 {
  "code": "AQ",
  "name": "Antarctica",
  "latitude": -75.250973,
  "longitude": -0.071389
 },
 {
  "code": "AR",
  "name": "Argentina",
  "latitude": -38.416097,
  "longitude": -63.616672
 },
 {
  "code": "AS",
  "name": "American Samoa",
  "latitude": -14.270972,
  "longitude": -170.132217
 },
 {
  "code": "AT",
  "name": "Austria",
  "latitude": 47.516231,
  "longitude": 14.550072
 },
 {
  "code": "AU",
  "name": "Australia",
  "latitude": -25.274398,
  "longitude": 133.775136
 },
 {
  "code": "AW",
  "name": "Aruba",
  "latitude": 12.52111,
  "longitude": -69.968338
 },
 {
  "code": "AZ",
  "name": "Azerbaijan",
  "latitude": 40.143105,
  "longitude": 47.576927
 },
 {
  "code": "BA",
  "name": "Bosnia and Herzegovina",
  "latitude": 43.915886,
  "longitude": 17.679076
 },
 {
  "code": "BB",
  "name": "Barbados",
  "latitude": 13.193887,
  "longitude": -59.543198
 },
 {
  "code": "BD",
  "name": "Bangladesh",
  "latitude": 23.684994,
  "longitude": 90.356331
 },
 {
  "code": "BE",
  "name": "Belgium",
  "latitude": 50.503887,
  "longitude": 4.469936
 },
 {
  "code": "BF",
  "name": "Burkina Faso",
  "latitude": 12.238333,
  "longitude": -1.561593
 },
 {
  "code": "BG",
  "name": "Bulgaria",
  "latitude": 42.733883,
  "longitude": 25.48583
 },
 {
  "code": "BH",
  "name": "Bahrain",
  "latitude": 25.930414,
  "longitude": 50.637772
 },
 {
  "code": "BI",
  "name": "Burundi",
  "latitude": -3.373056,
  "longitude": 29.918886
 },
 {
  "code": "BJ",
  "name": "Benin",
  "latitude": 9.30769,
  "longitude": 2.315834
 },
 {
  "code": "BM",
  "name": "Bermuda",
  "latitude": 32.321384,
  "longitude": -64.75737
 },
 {
  "code": "BN",
  "name": "Brunei",
  "latitude": 4.535277,
  "longitude": 114.727669
 },
 {
  "code": "BO",
  "name": "Bolivia",
  "latitude": -16.290154,
  "longitude": -63.588653
 },
 {
  "code": "BR",
  "name": "Brazil",
  "latitude": -14.235004,
  "longitude": -51.92528
 },
 {
  "code": "BS",
  "name": "Bahamas",
  "latitude": 25.03428,
  "longitude": -77.39628
 },
 {
  "code": "BT",
  "name": "Bhutan",
  "latitude": 27.514162,
  "longitude": 90.433601
 },
 {
  "code": "BW",
  "name": "Botswana",
  "latitude": -22.328474,
  "longitude": 24.684866
 },
 {
  "code": "BY",
  "name": "Belarus",
  "latitude": 53.709807,
  "longitude": 27.953389
 },
 {
  "code": "BZ",
  "name": "Belize",
  "latitude": 17.189877,
  "longitude": -88.49765
 },
 {
  "code": "CA",
  "name": "Canada",
  "latitude": 56.130366,
  "longitude": -106.346771
 },
 {
  "code": "CC",
  "name": "Cocos [Keeling] Islands",
  "latitude": -12.164165,
  "longitude": 96.870956
 },
 {
  "code": "CD",
  "name": "Congo [DRC]",
  "latitude": -4.038333,
  "longitude": 21.758664
 },
 {
  "code": "CF",
  "name": "Central African Republic",
  "latitude": 6.611111,
  "longitude": 20.939444
 },
 {
  "code": "CG",
  "name": "Congo [Republic]",
  "latitude": -0.228021,
  "longitude": 15.827659
 },
 {
  "code": "CH",
  "name": "Switzerland",
  "latitude": 46.818188,
  "longitude": 8.227512
 },
 {
  "code": "CI",
  "name": "C\u00f4te d'Ivoire",
  "latitude": 7.539989,
  "longitude": -5.54708
 },
 {
  "code": "CK",
  "name": "Cook Islands",
  "latitude": -21.236736,
  "longitude": -159.777671
 },
 {
  "code": "CL",
  "name": "Chile",
  "latitude": -35.675147,
  "longitude": -71.542969
 },
 {
  "code": "CM",
  "name": "Cameroon",
  "latitude": 7.369722,
  "longitude": 12.354722
 },
 {
  "code": "CN",
  "name": "China",
  "latitude": 35.86166,
  "longitude": 104.195397
 },
 {
  "code": "CO",
  "name": "Colombia",
  "latitude": 4.570868,
  "longitude": -74.297333
 },
 {
  "code": "CR",
  "name": "Costa Rica",
  "latitude": 9.748917,
  "longitude": -83.753428
 },
 {
  "code": "CU",
  "name": "Cuba",
  "latitude": 21.521757,
  "longitude": -77.781167
 },
 {
  "code": "CV",
  "name": "Cape Verde",
  "latitude": 16.002082,
  "longitude": -24.013197
 },
 {
  "code": "CX",
  "name": "Christmas Island",
  "latitude": -10.447525,
  "longitude": 105.690449
 },
 {
  "code": "CY",
  "name": "Cyprus",
  "latitude": 35.126413,
  "longitude": 33.429859
 },
 {
  "code": "CZ",
  "name": "Czech Republic",
  "latitude": 49.817492,
  "longitude": 15.472962
 },
 {
  "code": "DE",
  "name": "Germany",
  "latitude": 51.165691,
  "longitude": 10.451526
 },
 {
  "code": "DJ",
  "name": "Djibouti",
  "latitude": 11.825138,
  "longitude": 42.590275
 },
 {
  "code": "DK",
  "name": "Denmark",
  "latitude": 56.26392,
  "longitude": 9.501785
 },
 {
  "code": "DM",
  "name": "Dominica",
  "latitude": 15.414999,
  "longitude": -61.370976
 },
 {
  "code": "DO",
  "name": "Dominican Republic",
  "latitude": 18.735693,
  "longitude": -70.162651
 },
 {
  "code": "DZ",
  "name": "Algeria",
  "latitude": 28.033886,
  "longitude": 1.659626
 },
 {
  "code": "EC",
  "name": "Ecuador",
  "latitude": -1.831239,
  "longitude": -78.183406
 },
 {
  "code": "EE",
  "name": "Estonia",
  "latitude": 58.595272,
  "longitude": 25.013607
 },
 {
  "code": "EG",
  "name": "Egypt",
  "latitude": 26.820553,
  "longitude": 30.802498
 },
 {
  "code": "EH",
  "name": "Western Sahara",
  "latitude": 24.215527,
  "longitude": -12.885834
 },
 {
  "code": "ER",
  "name": "Eritrea",
  "latitude": 15.179384,
  "longitude": 39.782334
 },
 {
  "code": "ES",
  "name": "Spain",
  "latitude": 40.463667,
  "longitude": -3.74922
 },
 {
  "code": "ET",
  "name": "Ethiopia",
  "latitude": 9.145,
  "longitude": 40.489673
 },
 {
  "code": "FI",
  "name": "Finland",
  "latitude": 61.92411,
  "longitude": 25.748151
 },
 {
  "code": "FJ",
  "name": "Fiji",
  "latitude": -16.578193,
  "longitude": 179.414413
 },
 {
  "code": "FK",
  "name": "Falkland Islands [Islas Malvinas]",
  "latitude": -51.796253,
  "longitude": -59.523613
 },
 {
  "code": "FM",
  "name": "Micronesia",
  "latitude": 7.425554,
  "longitude": 150.550812
 },
 {
  "code": "FO",
  "name": "Faroe Islands",
  "latitude": 61.892635,
  "longitude": -6.911806
 },
 {
  "code": "FR",
  "name": "France",
  "latitude": 46.227638,
  "longitude": 2.213749
 },
 {
  "code": "GA",
  "name": "Gabon",
  "latitude": -0.803689,
  "longitude": 11.609444
 },
 {
  "code": "GB",
  "name": "United Kingdom",
  "latitude": 55.378051,
  "longitude": -3.435973
 },
 {
  "code": "GD",
  "name": "Grenada",
  "latitude": 12.262776,
  "longitude": -61.604171
 },
 {
  "code": "GE",
  "name": "Georgia",
  "latitude": 42.315407,
  "longitude": 43.356892
 },
 {
  "code": "GF",
  "name": "French Guiana",
  "latitude": 3.933889,
  "longitude": -53.125782
 },
 {
  "code": "GG",
  "name": "Guernsey",
  "latitude": 49.465691,
  "longitude": -2.585278
 },
 {
  "code": "GH",
  "name": "Ghana",
  "latitude": 7.946527,
  "longitude": -1.023194
 },
 {
  "code": "GI",
  "name": "Gibraltar",
  "latitude": 36.137741,
  "longitude": -5.345374
 },
 {
  "code": "GL",
  "name": "Greenland",
  "latitude": 71.706936,
  "longitude": -42.604303
 },
 {
  "code": "GM",
  "name": "Gambia",
  "latitude": 13.443182,
  "longitude": -15.310139
 },
 {
  "code": "GN",
  "name": "Guinea",
  "latitude": 9.945587,
  "longitude": -9.696645
 },
 {
  "code": "GP",
  "name": "Guadeloupe",
  "latitude": 16.995971,
  "longitude": -62.067641
 },
 {
  "code": "GQ",
  "name": "Equatorial Guinea",
  "latitude": 1.650801,
  "longitude": 10.267895
 },
 {
  "code": "GR",
  "name": "Greece",
  "latitude": 39.074208,
  "longitude": 21.824312
 },
 {
  "code": "GS",
  "name": "South Georgia and the South Sandwich Islands",
  "latitude": -54.429579,
  "longitude": -36.587909
 },
 {
  "code": "GT",
  "name": "Guatemala",
  "latitude": 15.783471,
  "longitude": -90.230759
 },
 {
  "code": "GU",
  "name": "Guam",
  "latitude": 13.444304,
  "longitude": 144.793731
 },
 {
  "code": "GW",
  "name": "Guinea-Bissau",
  "latitude": 11.803749,
  "longitude": -15.180413
 },
 {
  "code": "GY",
  "name": "Guyana",
  "latitude": 4.860416,
  "longitude": -58.93018
 },
 {
  "code": "HK",
  "name": "Hong Kong",
  "latitude": 22.396428,
  "longitude": 114.109497
 },
 {
  "code": "HM",
  "name": "Heard Island and McDonald Islands",
  "latitude": -53.08181,
  "longitude": 73.504158
 },
 {
  "code": "HN",
  "name": "Honduras",
  "latitude": 15.199999,
  "longitude": -86.241905
 },
 {
  "code": "HR",
  "name": "Croatia",
  "latitude": 45.1,
  "longitude": 15.2
 },
 {
  "code": "HT",
  "name": "Haiti",
  "latitude": 18.971187,
  "longitude": -72.285215
 },
 {
  "code": "HU",
  "name": "Hungary",
  "latitude": 47.162494,
  "longitude": 19.503304
 },
 {
  "code": "ID",
  "name": "Indonesia",
  "latitude": -0.789275,
  "longitude": 113.921327
 },
 {
  "code": "IE",
  "name": "Ireland",
  "latitude": 53.41291,
  "longitude": -8.24389
 },
 {
  "code": "IL",
  "name": "Israel",
  "latitude": 31.046051,
  "longitude": 34.851612
 },
 {
  "code": "IM",
  "name": "Isle of Man",
  "latitude": 54.236107,
  "longitude": -4.548056
 },
 {
  "code": "IN",
  "name": "India",
  "latitude": 20.593684,
  "longitude": 78.96288
 },
 {
  "code": "IO",
  "name": "British Indian Ocean Territory",
  "latitude": -6.343194,
  "longitude": 71.876519
 },
 {
  "code": "IQ",
  "name": "Iraq",
  "latitude": 33.223191,
  "longitude": 43.679291
 },
 {
  "code": "IR",
  "name": "Iran",
  "latitude": 32.427908,
  "longitude": 53.688046
 },
 {
  "code": "IS",
  "name": "Iceland",
  "latitude": 64.963051,
  "longitude": -19.020835
 },
 {
  "code": "IT",
  "name": "Italy",
  "latitude": 41.87194,
  "longitude": 12.56738
 },
 {
  "code": "JE",
  "name": "Jersey",
  "latitude": 49.214439,
  "longitude": -2.13125
 },
 {
  "code": "JM",
  "name": "Jamaica",
  "latitude": 18.109581,
  "longitude": -77.297508
 },
 {
  "code": "JO",
  "name": "Jordan",
  "latitude": 30.585164,
  "longitude": 36.238414
 },
 {
  "code": "JP",
  "name": "Japan",
  "latitude": 36.204824,
  "longitude": 138.252924
 },
 {
  "code": "KE",
  "name": "Kenya",
  "latitude": -0.023559,
  "longitude": 37.906193
 },
 {
  "code": "KG",
  "name": "Kyrgyzstan",
  "latitude": 41.20438,
  "longitude": 74.766098
 },
 {
  "code": "KH",
  "name": "Cambodia",
  "latitude": 12.565679,
  "longitude": 104.990963
 },
 {
  "code": "KI",
  "name": "Kiribati",
  "latitude": -3.370417,
  "longitude": -168.734039
 },
 {
  "code": "KM",
  "name": "Comoros",
  "latitude": -11.875001,
  "longitude": 43.872219
 },
 {
  "code": "KN",
  "name": "Saint Kitts and Nevis",
  "latitude": 17.357822,
  "longitude": -62.782998
 },
 {
  "code": "KP",
  "name": "North Korea",
  "latitude": 40.339852,
  "longitude": 127.510093
 },
 {
  "code": "KR",
  "name": "South Korea",
  "latitude": 35.907757,
  "longitude": 127.766922
 },
 {
  "code": "KW",
  "name": "Kuwait",
  "latitude": 29.31166,
  "longitude": 47.481766
 },
 {
  "code": "KY",
  "name": "Cayman Islands",
  "latitude": 19.513469,
  "longitude": -80.566956
 },
 {
  "code": "KZ",
  "name": "Kazakhstan",
  "latitude": 48.019573,
  "longitude": 66.923684
 },
 {
  "code": "LA",
  "name": "Laos",
  "latitude": 19.85627,
  "longitude": 102.495496
 },
 {
  "code": "LB",
  "name": "Lebanon",
  "latitude": 33.854721,
  "longitude": 35.862285
 },
 {
  "code": "LC",
  "name": "Saint Lucia",
  "latitude": 13.909444,
  "longitude": -60.978893
 },
 {
  "code": "LI",
  "name": "Liechtenstein",
  "latitude": 47.166,
  "longitude": 9.555373
 },
 {
  "code": "LK",
  "name": "Sri Lanka",
  "latitude": 7.873054,
  "longitude": 80.771797
 },
 {
  "code": "LR",
  "name": "Liberia",
  "latitude": 6.428055,
  "longitude": -9.429499
 },
 {
  "code": "LS",
  "name": "Lesotho",
  "latitude": -29.609988,
  "longitude": 28.233608
 },
 {
  "code": "LT",
  "name": "Lithuania",
  "latitude": 55.169438,
  "longitude": 23.881275
 },
 {
  "code": "LU",
  "name": "Luxembourg",
  "latitude": 49.815273,
  "longitude": 6.129583
 },
 {
  "code": "LV",
  "name": "Latvia",
  "latitude": 56.879635,
  "longitude": 24.603189
 },
 {
  "code": "LY",
  "name": "Libya",
  "latitude": 26.3351,
  "longitude": 17.228331
 },
 {
  "code": "MA",
  "name": "Morocco",
  "latitude": 31.791702,
  "longitude": -7.09262
 },
 {
  "code": "MC",
  "name": "Monaco",
  "latitude": 43.750298,
  "longitude": 7.412841
 },
 {
  "code": "MD",
  "name": "Moldova",
  "latitude": 47.411631,
  "longitude": 28.369885
 },
 {
  "code": "ME",
  "name": "Montenegro",
  "latitude": 42.708678,
  "longitude": 19.37439
 },
 {
  "code": "MG",
  "name": "Madagascar",
  "latitude": -18.766947,
  "longitude": 46.869107
 },
 {
  "code": "MH",
  "name": "Marshall Islands",
  "latitude": 7.131474,
  "longitude": 171.184478
 },
 {
  "code": "MK",
  "name": "Macedonia [FYROM]",
  "latitude": 41.608635,
  "longitude": 21.745275
 },
 {
  "code": "ML",
  "name": "Mali",
  "latitude": 17.570692,
  "longitude": -3.996166
 },
 {
  "code": "MM",
  "name": "Myanmar [Burma]",
  "latitude": 21.913965,
  "longitude": 95.956223
 },
 {
  "code": "MN",
  "name": "Mongolia",
  "latitude": 46.862496,
  "longitude": 103.846656
 },
 {
  "code": "MO",
  "name": "Macau",
  "latitude": 22.198745,
  "longitude": 113.543873
 },
 {
  "code": "MP",
  "name": "Northern Mariana Islands",
  "latitude": 17.33083,
  "longitude": 145.38469
 },
 {
  "code": "MQ",
  "name": "Martinique",
  "latitude": 14.641528,
  "longitude": -61.024174
 },
 {
  "code": "MR",
  "name": "Mauritania",
  "latitude": 21.00789,
  "longitude": -10.940835
 },
 {
  "code": "MS",
  "name": "Montserrat",
  "latitude": 16.742498,
  "longitude": -62.187366
 },
 {
  "code": "MT",
  "name": "Malta",
  "latitude": 35.937496,
  "longitude": 14.375416
 },
 {
  "code": "MU",
  "name": "Mauritius",
  "latitude": -20.348404,
  "longitude": 57.552152
 },
 {
  "code": "MV",
  "name": "Maldives",
  "latitude": 3.202778,
  "longitude": 73.22068
 },
 {
  "code": "MW",
  "name": "Malawi",
  "latitude": -13.254308,
  "longitude": 34.301525
 },
 {
  "code": "MX",
  "name": "Mexico",
  "latitude": 23.634501,
  "longitude": -102.552784
 },
 {
  "code": "MY",
  "name": "Malaysia",
  "latitude": 4.210484,
  "longitude": 101.975766
 },
 {
  "code": "MZ",
  "name": "Mozambique",
  "latitude": -18.665695,
  "longitude": 35.529562
 },
 {
  "code": "NA",
  "name": "Namibia",
  "latitude": -22.95764,
  "longitude": 18.49041
 },
 {
  "code": "NC",
  "name": "New Caledonia",
  "latitude": -20.904305,
  "longitude": 165.618042
 },
 {
  "code": "NE",
  "name": "Niger",
  "latitude": 17.607789,
  "longitude": 8.081666
 },
 {
  "code": "NF",
  "name": "Norfolk Island",
  "latitude": -29.040835,
  "longitude": 167.954712
 },
 {
  "code": "NG",
  "name": "Nigeria",
  "latitude": 9.081999,
  "longitude": 8.675277
 },
 {
  "code": "NI",
  "name": "Nicaragua",
  "latitude": 12.865416,
  "longitude": -85.207229
 },
 {
  "code": "NL",
  "name": "Netherlands",
  "latitude": 52.132633,
  "longitude": 5.291266
 },
 {
  "code": "NO",
  "name": "Norway",
  "latitude": 60.472024,
  "longitude": 8.468946
 },
 {
  "code": "NP",
  "name": "Nepal",
  "latitude": 28.394857,
  "longitude": 84.124008
 },
 {
  "code": "NR",
  "name": "Nauru",
  "latitude": -0.522778,
  "longitude": 166.931503
 },
 {
  "code": "NU",
  "name": "Niue",
  "latitude": -19.054445,
  "longitude": -169.867233
 },
 {
  "code": "NZ",
  "name": "New Zealand",
  "latitude": -40.900557,
  "longitude": 174.885971
 },
 {
  "code": "OM",
  "name": "Oman",
  "latitude": 21.512583,
  "longitude": 55.923255
 },
 {
  "code": "PA",
  "name": "Panama",
  "latitude": 8.537981,
  "longitude": -80.782127
 },
 {
  "code": "PE",
  "name": "Peru",
  "latitude": -9.189967,
  "longitude": -75.015152
 },
 {
  "code": "PF",
  "name": "French Polynesia",
  "latitude": -17.679742,
  "longitude": -149.406843
 },
 {
  "code": "PG",
  "name": "Papua New Guinea",
  "latitude": -6.314993,
  "longitude": 143.95555
 },
 {
  "code": "PH",
  "name": "Philippines",
  "latitude": 12.879721,
  "longitude": 121.774017
 },
 {
  "code": "PK",
  "name": "Pakistan",
  "latitude": 30.375321,
  "longitude": 69.345116
 },
 {
  "code": "PL",
  "name": "Poland",
  "latitude": 51.919438,
  "longitude": 19.145136
 },
 {
  "code": "PM",
  "name": "Saint Pierre and Miquelon",
  "latitude": 46.941936,
  "longitude": -56.27111
 },
 {
  "code": "PN",
  "name": "Pitcairn Islands",
  "latitude": -24.703615,
  "longitude": -127.439308
 },
 {
  "code": "PR",
  "name": "Puerto Rico",
  "latitude": 18.220833,
  "longitude": -66.590149
 },
 {
  "code": "PS",
  "name": "Palestinian Territories",
  "latitude": 31.952162,
  "longitude": 35.233154
 },
 {
  "code": "PT",
  "name": "Portugal",
  "latitude": 39.399872,
  "longitude": -8.224454
 },
 {
  "code": "PW",
  "name": "Palau",
  "latitude": 7.51498,
  "longitude": 134.58252
 },
 {
  "code": "PY",
  "name": "Paraguay",
  "latitude": -23.442503,
  "longitude": -58.443832
 },
 {
  "code": "QA",
  "name": "Qatar",
  "latitude": 25.354826,
  "longitude": 51.183884
 },
 {
  "code": "RE",
  "name": "R\u00e9union",
  "latitude": -21.115141,
  "longitude": 55.536384
 },
 {
  "code": "RO",
  "name": "Romania",
  "latitude": 45.943161,
  "longitude": 24.96676
 },
 {
  "code": "RS",
  "name": "Serbia",
  "latitude": 44.016521,
  "longitude": 21.005859
 },
 {
  "code": "RU",
  "name": "Russia",
  "latitude": 61.52401,
  "longitude": 105.318756
 },
 {
  "code": "RW",
  "name": "Rwanda",
  "latitude": -1.940278,
  "longitude": 29.873888
 },
 {
  "code": "SA",
  "name": "Saudi Arabia",
  "latitude": 23.885942,
  "longitude": 45.079162
 },
 {
  "code": "SB",
  "name": "Solomon Islands",
  "latitude": -9.64571,
  "longitude": 160.156194
 },
 {
  "code": "SC",
  "name": "Seychelles",
  "latitude": -4.679574,
  "longitude": 55.491977
 },
 {
  "code": "SD",
  "name": "Sudan",
  "latitude": 12.862807,
  "longitude": 30.217636
 },
 {
  "code": "SE",
  "name": "Sweden",
  "latitude": 60.128161,
  "longitude": 18.643501
 },
 {
  "code": "SG",
  "name": "Singapore",
  "latitude": 1.352083,
  "longitude": 103.819836
 },
 {
  "code": "SH",
  "name": "Saint Helena",
  "latitude": -24.143474,
  "longitude": -10.030696
 },
 {
  "code": "SI",
  "name": "Slovenia",
  "latitude": 46.151241,
  "longitude": 14.995463
 },
 {
  "code": "SK",
  "name": "Slovakia",
  "latitude": 48.669026,
  "longitude": 19.699024
 },
 {
  "code": "SL",
  "name": "Sierra Leone",
  "latitude": 8.460555,
  "longitude": -11.779889
 },
 {
  "code": "SM",
  "name": "San Marino",
  "latitude": 43.94236,
  "longitude": 12.457777
 },
 {
  "code": "SN",
  "name": "Senegal",
  "latitude": 14.497401,
  "longitude": -14.452362
 },
 {
  "code": "SO",
  "name": "Somalia",
  "latitude": 5.152149,
  "longitude": 46.199616
 },
 {
  "code": "SR",
  "name": "Suriname",
  "latitude": 3.919305,
  "longitude": -56.027783
 },
 {
  "code": "ST",
  "name": "S\u00e3o Tom\u00e9 and Pr\u00edncipe",
  "latitude": 0.18636,
  "longitude": 6.613081
 },
 {
  "code": "SV",
  "name": "El Salvador",
  "latitude": 13.794185,
  "longitude": -88.89653
 },
 {
  "code": "SY",
  "name": "Syria",
  "latitude": 34.802075,
  "longitude": 38.996815
 },
 {
  "code": "SZ",
  "name": "Swaziland",
  "latitude": -26.522503,
  "longitude": 31.465866
 },
 {
  "code": "TC",
  "name": "Turks and Caicos Islands",
  "latitude": 21.694025,
  "longitude": -71.797928
 },
 {
  "code": "TD",
  "name": "Chad",
  "latitude": 15.454166,
  "longitude": 18.732207
 },
 {
  "code": "TF",
  "name": "French Southern Territories",
  "latitude": -49.280366,
  "longitude": 69.348557
 },
 {
  "code": "TG",
  "name": "Togo",
  "latitude": 8.619543,
  "longitude": 0.824782
 },
 {
  "code": "TH",
  "name": "Thailand",
  "latitude": 15.870032,
  "longitude": 100.992541
 },
 {
  "code": "TJ",
  "name": "Tajikistan",
  "latitude": 38.861034,
  "longitude": 71.276093
 },
 {
  "code": "TK",
  "name": "Tokelau",
  "latitude": -8.967363,
  "longitude": -171.855881
 },
 {
  "code": "TL",
  "name": "Timor-Leste",
  "latitude": -8.874217,
  "longitude": 125.727539
 },
 {
  "code": "TM",
  "name": "Turkmenistan",
  "latitude": 38.969719,
  "longitude": 59.556278
 },
 {
  "code": "TN",
  "name": "Tunisia",
  "latitude": 33.886917,
  "longitude": 9.537499
 },
 {
  "code": "TO",
  "name": "Tonga",
  "latitude": -21.178986,
  "longitude": -175.198242
 },
 {
  "code": "TR",
  "name": "Turkey",
  "latitude": 38.963745,
  "longitude": 35.243322
 },
 {
  "code": "TT",
  "name": "Trinidad and Tobago",
  "latitude": 10.691803,
  "longitude": -61.222503
 },
 {
  "code": "TV",
  "name": "Tuvalu",
  "latitude": -7.109535,
  "longitude": 177.64933
 },
 {
  "code": "TW",
  "name": "Taiwan",
  "latitude": 23.69781,
  "longitude": 120.960515
 },
 {
  "code": "TZ",
  "name": "Tanzania",
  "latitude": -6.369028,
  "longitude": 34.888822
 },
 {
  "code": "UA",
  "name": "Ukraine",
  "latitude": 48.379433,
  "longitude": 31.16558
 },
 {
  "code": "UG",
  "name": "Uganda",
  "latitude": 1.373333,
  "longitude": 32.290275
 },
 {
  "code": "US",
  "name": "United States",
  "latitude": 37.09024,
  "longitude": -95.712891
 },
 {
  "code": "UY",
  "name": "Uruguay",
  "latitude": -32.522779,
  "longitude": -55.765835
 },
 {
  "code": "UZ",
  "name": "Uzbekistan",
  "latitude": 41.377491,
  "longitude": 64.585262
 },
 {
  "code": "VA",
  "name": "Vatican City",
  "latitude": 41.902916,
  "longitude": 12.453389
 },
 {
  "code": "VC",
  "name": "Saint Vincent and the Grenadines",
  "latitude": 12.984305,
  "longitude": -61.287228
 },
 {
  "code": "VE",
  "name": "Venezuela",
  "latitude": 6.42375,
  "longitude": -66.58973
 },
 {
  "code": "VG",
  "name": "British Virgin Islands",
  "latitude": 18.420695,
  "longitude": -64.639968
 },
 {
  "code": "VI",
  "name": "U.S. Virgin Islands",
  "latitude": 18.335765,
  "longitude": -64.896335
 },
 {
  "code": "VN",
  "name": "Vietnam",
  "latitude": 14.058324,
  "longitude": 108.277199
 },
 {
  "code": "VU",
  "name": "Vanuatu",
  "latitude": -15.376706,
  "longitude": 166.959158
 },
 {
  "code": "WF",
  "name": "Wallis and Futuna",
  "latitude": -13.768752,
  "longitude": -177.156097
 },
 {
  "code": "WS",
  "name": "Samoa",
  "latitude": -13.759029,
  "longitude": -172.104629
 },
 {
  "code": "XK",
  "name": "Kosovo",
  "latitude": 42.602636,
  "longitude": 20.902977
 },
 {
  "code": "YE",
  "name": "Yemen",
  "latitude": 15.552727,
  "longitude": 48.516388
 },
 {
  "code": "YT",
  "name": "Mayotte",
  "latitude": -12.8275,
  "longitude": 45.166244
 },
 {
  "code": "ZA",
  "name": "South Africa",
  "latitude": -30.559482,
  "longitude": 22.937506
 },
 {
  "code": "ZM",
  "name": "Zambia",
  "latitude": -13.133897,
  "longitude": 27.849332
 },
 {
  "code": "ZW",
  "name": "Zimbabwe",
  "latitude": -19.015438,
  "longitude": 29.154857
 }
]